{"stats":{"minecraft:picked_up":{"minecraft:oak_log":6,"minecraft:oak_sapling":2,"minecraft:mutton":4,"minecraft:white_wool":2},"minecraft:killed":{"minecraft:sheep":2,"lilwings:cloudy_puff_butterfly":1,"dannys_expansion:ghoul":1},"minecraft:custom":{"minecraft:time_since_rest":5849,"minecraft:crouch_one_cm":83,"champions:champion_mobs_killed":1,"minecraft:play_time":6066,"minecraft:sprint_one_cm":2126,"minecraft:damage_taken":99,"minecraft:deaths":1,"minecraft:walk_one_cm":24837,"minecraft:sneak_time":6,"minecraft:mob_kills":4,"minecraft:jump":35,"minecraft:damage_dealt":524,"minecraft:leave_game":1,"minecraft:time_since_death":5586,"minecraft:total_world_time":6066,"minecraft:fall_one_cm":418,"minecraft:fly_one_cm":4002},"minecraft:mined":{"minecraft:tall_grass":1,"minecraft:dandelion":1,"treechop:chopped_log":1,"immersive_weathering:oak_leaf_pile":2},"minecraft:used":{"minecraft:mutton":4,"minecraft:oak_sapling":2,"minecraft:bread":1,"epicfight:stone_greatsword":15}},"DataVersion":2975}