{"stats":{"minecraft:mined":{"treechop:chopped_log":4,"minecraft:grass":10,"minecraft:grass_block":6,"minecraft:coal_ore":15,"minecraft:vine":2,"minecraft:dirt":9,"minecraft:cobblestone":7,"minecraft:stone":117,"minecraft:oak_leaves":1,"minecraft:fern":4},"minecraft:custom":{"minecraft:time_since_rest":27692,"enigmaticlegacy:play_time_with_seven_curses":0,"minecraft:interact_with_furnace":3,"minecraft:sprint_one_cm":14806,"minecraft:damage_taken":495,"minecraft:walk_one_cm":90892,"minecraft:mob_kills":5,"minecraft:drop":12,"minecraft:damage_dealt":1341,"enigmaticlegacy:play_time_without_seven_curses":29361,"minecraft:interact_with_crafting_table":4,"minecraft:fly_one_cm":23475,"minecraft:crouch_one_cm":515,"minecraft:play_time":29517,"minecraft:deaths":1,"minecraft:sneak_time":676,"minecraft:jump":276,"minecraft:leave_game":1,"minecraft:time_since_death":27536,"minecraft:total_world_time":29517,"minecraft:climb_one_cm":230,"minecraft:fall_one_cm":3510},"minecraft:killed_by":{"minecraft:skeleton":1},"minecraft:used":{"minecraft:jungle_sapling":3,"minecraft:stone_shovel":3,"minecraft:stone_pickaxe":82,"minecraft:wooden_pickaxe":59,"minecraft:stone_axe":45,"minecraft:torch":6,"minecraft:dirt":6,"minecraft:cobblestone":10,"minecraft:crafting_table":1,"minecraft:furnace":1,"alexsmobs:banana":2,"minecraft:cooked_beef":2},"minecraft:crafted":{"minecraft:cooked_beef":2,"minecraft:stone_shovel":1,"minecraft:crafting_table":1,"minecraft:stick":8,"minecraft:wooden_pickaxe":1,"minecraft:stone_pickaxe":1,"minecraft:furnace":1,"minecraft:torch":4,"minecraft:stone_axe":1,"minecraft:air":0,"minecraft:jungle_planks":12},"minecraft:killed":{"born_in_chaos_v1:corpse_fly":1,"born_in_chaos_v1:thornshell_crab":1,"born_in_chaos_v1:zombie_bruiser":1,"dungeons_mobs:jungle_zombie":1,"minecraft:cow":1},"minecraft:dropped":{"born_in_chaos_v1:spiny_shell":4,"born_in_chaos_v1:corpse_maggot":2,"minecraft:rotten_flesh":3,"minecraft:cobblestone":3},"minecraft:broken":{"minecraft:wooden_pickaxe":1},"minecraft:picked_up":{"born_in_chaos_v1:fused_bone":2,"born_in_chaos_v1:corpse_maggot":4,"minecraft:stick":7,"minecraft:jungle_log":35,"minecraft:leather":1,"minecraft:torch":2,"minecraft:dirt":14,"minecraft:rotten_flesh":3,"alexsmobs:banana":2,"minecraft:iron_ingot":1,"minecraft:beef":2,"born_in_chaos_v1:spiny_shell":8,"minecraft:jungle_sapling":3,"minecraft:coal":15,"minecraft:cobblestone":125}},"DataVersion":3120}