{"stats":{"minecraft:mined":{"treechop:chopped_log":2,"minecraft:grass":8,"minecraft:grass_block":6,"minecraft:vine":1,"minecraft:dirt":6,"minecraft:cobblestone":3,"minecraft:stone":62,"minecraft:oak_leaves":1,"minecraft:fern":4},"minecraft:custom":{"minecraft:time_since_rest":15692,"enigmaticlegacy:play_time_with_seven_curses":0,"minecraft:sprint_one_cm":5562,"minecraft:damage_taken":370,"minecraft:walk_one_cm":38620,"minecraft:mob_kills":2,"minecraft:drop":7,"minecraft:damage_dealt":602,"enigmaticlegacy:play_time_without_seven_curses":17361,"minecraft:interact_with_crafting_table":3,"minecraft:fly_one_cm":11786,"minecraft:crouch_one_cm":389,"minecraft:play_time":17517,"minecraft:deaths":1,"minecraft:sneak_time":648,"minecraft:jump":135,"minecraft:leave_game":1,"minecraft:time_since_death":15536,"minecraft:total_world_time":17517,"minecraft:climb_one_cm":230,"minecraft:fall_one_cm":1732},"minecraft:killed_by":{"minecraft:skeleton":1},"minecraft:crafted":{"minecraft:stone_shovel":1,"minecraft:crafting_table":1,"minecraft:stick":8,"minecraft:wooden_pickaxe":1,"minecraft:stone_pickaxe":1,"minecraft:stone_axe":1,"minecraft:jungle_planks":12},"minecraft:used":{"minecraft:jungle_sapling":1,"minecraft:stone_pickaxe":8,"minecraft:wooden_pickaxe":59,"minecraft:stone_axe":17,"minecraft:dirt":5,"minecraft:cobblestone":4,"minecraft:crafting_table":1,"alexsmobs:banana":2},"minecraft:killed":{"born_in_chaos_v1:corpse_fly":1,"born_in_chaos_v1:thornshell_crab":1},"minecraft:dropped":{"born_in_chaos_v1:spiny_shell":4,"minecraft:cobblestone":3},"minecraft:broken":{"minecraft:wooden_pickaxe":1},"minecraft:picked_up":{"minecraft:stick":6,"minecraft:jungle_log":16,"minecraft:dirt":12,"alexsmobs:banana":2,"born_in_chaos_v1:spiny_shell":4,"minecraft:jungle_sapling":3,"minecraft:cobblestone":63}},"DataVersion":3120}