{"stats":{"minecraft:mined":{"minecraft:grass":1,"minecraft:vine":1,"minecraft:stone":16,"treechop:chopped_log":1},"minecraft:custom":{"minecraft:time_since_rest":8905,"enigmaticlegacy:play_time_with_seven_curses":0,"minecraft:crouch_one_cm":37,"minecraft:play_time":8905,"minecraft:sprint_one_cm":9655,"minecraft:damage_taken":30,"minecraft:walk_one_cm":15483,"minecraft:sneak_time":28,"minecraft:drop":3,"minecraft:jump":38,"minecraft:damage_dealt":20,"minecraft:time_since_death":8905,"minecraft:total_world_time":8905,"enigmaticlegacy:play_time_without_seven_curses":8905,"minecraft:climb_one_cm":208,"minecraft:interact_with_crafting_table":3,"minecraft:fall_one_cm":209,"minecraft:fly_one_cm":3226},"minecraft:crafted":{"minecraft:jungle_wood":3,"minecraft:crafting_table":1,"minecraft:stick":4,"minecraft:stone_pickaxe":1,"minecraft:jungle_planks":44},"minecraft:used":{"minecraft:crafting_table":1,"minecraft:stone_pickaxe":16},"minecraft:dropped":{"born_in_chaos_v1:spiny_shell":5,"minecraft:jungle_log":1},"minecraft:picked_up":{"minecraft:jungle_log":13,"born_in_chaos_v1:spiny_shell":5,"minecraft:cobblestone":21}},"DataVersion":3120}