{"stats":{"minecraft:mined":{"treechop:chopped_log":1,"minecraft:grass":1,"minecraft:vine":1,"minecraft:stone":106,"minecraft:oak_leaves":8},"minecraft:custom":{"minecraft:time_since_rest":20905,"enigmaticlegacy:play_time_with_seven_curses":0,"minecraft:interact_with_furnace":2,"minecraft:sprint_one_cm":34031,"minecraft:damage_taken":230,"minecraft:walk_one_cm":68951,"minecraft:mob_kills":4,"minecraft:drop":7,"minecraft:damage_dealt":760,"enigmaticlegacy:play_time_without_seven_curses":20905,"minecraft:interact_with_crafting_table":10,"minecraft:fly_one_cm":17724,"minecraft:crouch_one_cm":54,"minecraft:play_time":20905,"minecraft:sneak_time":60,"minecraft:jump":163,"minecraft:time_since_death":20905,"minecraft:climb_one_cm":208,"minecraft:total_world_time":20905,"minecraft:fall_one_cm":2419},"minecraft:used":{"minecraft:jungle_sapling":1,"born_in_chaos_v1:corpse_maggot":2,"minecraft:stone_pickaxe":106,"minecraft:stone_axe":11,"minecraft:beef":1,"minecraft:crafting_table":1,"minecraft:cooked_beef":1,"delightful:acorn":1},"minecraft:crafted":{"minecraft:cooked_beef":1,"minecraft:jungle_wood":3,"minecraft:crafting_table":1,"minecraft:stick":4,"minecraft:stone_pickaxe":1,"minecraft:stone_axe":1,"minecraft:air":0,"minecraft:jungle_planks":44},"minecraft:killed":{"born_in_chaos_v1:corpse_fly":1,"minecraft:cow":1,"creeperoverhaul:bamboo_creeper":2},"minecraft:dropped":{"born_in_chaos_v1:spiny_shell":9,"minecraft:jungle_log":1},"minecraft:picked_up":{"born_in_chaos_v1:corpse_maggot":2,"minecraft:jungle_log":13,"minecraft:dirt":1,"minecraft:rotten_flesh":3,"delightful:acorn":1,"minecraft:beef":2,"born_in_chaos_v1:spiny_shell":9,"minecraft:jungle_sapling":1,"minecraft:bamboo":2,"minecraft:cobblestone":108}},"DataVersion":3120}